level	page_num	block_num	par_num	line_num	word_num	left	top	width	height	conf	text
1	1	0	0	0	0	0	0	1054	1492	-1	
2	1	1	0	0	0	282	71	449	87	-1	
3	1	1	1	0	0	282	71	449	87	-1	
4	1	1	1	1	0	282	71	449	33	-1	
5	1	1	1	1	1	282	71	236	33	91.345314	Musterforst
5	1	1	1	1	2	533	71	198	33	92.359573	Falkenried
4	1	1	1	2	0	282	125	381	33	-1	
5	1	1	1	2	1	282	125	191	26	91.868294	Forstbetrieb
5	1	1	1	2	2	485	139	18	3	65.792892	—
5	1	1	1	2	3	514	125	149	33	91.788826	Testbeleg
2	1	2	0	0	0	102	153	129	53	-1	
3	1	2	1	0	0	102	153	129	53	-1	
4	1	2	1	1	0	102	153	129	53	-1	
5	1	2	1	1	1	102	153	129	53	82.486588	)
2	1	3	0	0	0	282	186	586	17	-1	
3	1	3	1	0	0	282	186	586	17	-1	
4	1	3	1	1	0	282	186	586	17	-1	
5	1	3	1	1	1	282	186	156	16	91.842461	SYNTHETISCHES
5	1	3	1	1	2	445	186	159	17	91.331596	TESTDOKUMENT
5	1	3	1	1	3	610	194	11	3	92.570915	-
5	1	3	1	1	4	629	187	54	15	96.586731	KEINE
5	1	3	1	1	5	691	187	62	15	96.815933	ECHTE
5	1	3	1	1	6	761	186	107	17	95.657471	RECHNUNG
2	1	4	0	0	0	462	231	516	3	-1	
3	1	4	1	0	0	462	231	516	3	-1	
4	1	4	1	1	0	462	231	516	3	-1	
5	1	4	1	1	1	462	231	516	3	95.000000	 
2	1	5	0	0	0	93	287	382	3	-1	
3	1	5	1	0	0	93	287	382	3	-1	
4	1	5	1	1	0	93	287	382	3	-1	
5	1	5	1	1	1	93	287	382	3	95.000000	 
2	1	6	0	0	0	408	420	137	88	-1	
3	1	6	1	0	0	408	420	137	88	-1	
4	1	6	1	1	0	408	420	137	88	-1	
5	1	6	1	1	1	408	420	137	88	95.000000	 
2	1	7	0	0	0	96	677	878	4	-1	
3	1	7	1	0	0	96	677	878	4	-1	
4	1	7	1	1	0	96	677	878	4	-1	
5	1	7	1	1	1	96	677	878	4	95.000000	 
2	1	8	0	0	0	156	1291	831	4	-1	
3	1	8	1	0	0	156	1291	831	4	-1	
4	1	8	1	1	0	156	1291	831	4	-1	
5	1	8	1	1	1	156	1291	831	4	95.000000	 
2	1	9	0	0	0	91	261	880	1123	-1	
3	1	9	1	0	0	91	261	880	1123	-1	
4	1	9	1	1	0	97	261	871	34	-1	
5	1	9	1	1	1	97	270	69	12	80.660988	Musterforst
5	1	9	1	1	2	171	270	64	14	92.849167	Falkenried,
5	1	9	1	1	3	241	270	69	14	90.660255	Beispielweg
5	1	9	1	1	4	316	270	17	13	96.868561	12,
5	1	9	1	1	5	340	270	34	11	93.301010	12345
5	1	9	1	1	6	379	270	68	12	91.993294	Musterstadt
5	1	9	1	1	7	622	261	75	34	92.239639	Rechnung:
5	1	9	1	1	8	844	273	124	14	91.586136	TEST-9001/2026
4	1	9	1	2	0	622	288	346	36	-1	
5	1	9	1	2	1	622	288	128	36	84.770699	Rechnungsdatum:
5	1	9	1	2	2	887	299	81	14	96.529915	15.07.2026
4	1	9	1	3	0	97	317	871	30	-1	
5	1	9	1	3	1	97	320	100	24	93.253372	Sägewerk
5	1	9	1	3	2	206	320	120	23	92.590073	Beispielholz
5	1	9	1	3	3	334	320	63	19	95.974510	GmbH
5	1	9	1	3	4	622	317	117	30	91.226898	Leistungsdatum:
5	1	9	1	3	5	887	324	81	14	96.558968	14.07.2026
4	1	9	1	4	0	96	346	872	28	-1	
5	1	9	1	4	1	96	351	108	19	91.685570	Teststraße
5	1	9	1	4	2	213	351	11	19	96.905045	8
5	1	9	1	4	3	622	346	96	28	91.657349	Zahlungsfrist:
5	1	9	1	4	4	887	350	81	14	92.630768	14.08.2026
4	1	9	1	5	0	196	372	770	27	-1	
5	1	9	1	5	1	196	383	32	4	45.703522	ar
5	1	9	1	5	2	623	372	116	27	96.534843	Kundennummer:
5	1	9	1	5	3	886	376	80	14	90.532761	K-0004711
4	1	9	1	6	0	97	379	874	46	-1	
5	1	9	1	6	1	97	384	60	18	25.868217	se
5	1	9	1	6	2	169	379	120	46	0.000000	Belspleldorr
5	1	9	1	6	3	618	398	127	27	91.411850	Vertragsnummer:
5	1	9	1	6	4	881	402	90	14	87.718376	V-TEST-204
4	1	9	1	7	0	305	421	666	30	-1	
5	1	9	1	7	1	305	435	6	3	72.808243	A
5	1	9	1	7	2	623	421	109	30	91.591858	Steuernummer:
5	1	9	1	7	3	811	425	160	16	91.968048	TEST-NICHT-GULTIG
4	1	9	1	8	0	118	444	852	56	-1	
5	1	9	1	8	1	118	463	24	36	66.891655	3
5	1	9	1	8	2	146	444	20	53	34.371269	ci
5	1	9	1	8	3	177	456	30	32	81.114029	18
5	1	9	1	8	4	282	459	26	35	19.475555	2
5	1	9	1	8	5	314	458	15	30	70.118118	y
5	1	9	1	8	6	336	448	37	34	89.399109	16
5	1	9	1	8	7	557	444	40	56	39.732071	ie
5	1	9	1	8	8	623	444	110	34	91.863205	Kassenzeichen:
5	1	9	1	8	9	875	453	95	14	91.123573	KZ-9001-XY
4	1	9	1	9	0	92	522	300	23	-1	
5	1	9	1	9	1	92	522	112	23	93.205498	Rechnung:
5	1	9	1	9	2	213	522	179	18	92.699562	TEST-9001/2026
4	1	9	1	10	0	91	560	592	18	-1	
5	1	9	1	10	1	91	560	126	18	81.248161	‚Ansprechpartner:
5	1	9	1	10	2	224	560	35	14	96.527252	Erika
5	1	9	1	10	3	265	560	59	18	93.284019	Beispiel,
5	1	9	1	10	4	330	560	28	14	92.561989	Tel.:
5	1	9	1	10	5	364	560	44	14	96.827454	00000
5	1	9	1	10	6	413	560	56	17	95.406998	000000,
5	1	9	1	10	7	475	560	48	14	93.178505	E-Mail:
5	1	9	1	10	8	529	560	154	18	64.305862	erika@example.invalid
4	1	9	1	11	0	92	597	166	15	-1	
5	1	9	1	11	1	92	598	49	14	92.843285	Revier:
5	1	9	1	11	2	150	597	108	15	92.843285	Testwald-Nord
4	1	9	1	12	0	96	634	866	27	-1	
5	1	9	1	12	1	96	638	64	15	82.850975	Hieb/Los
5	1	9	1	12	2	234	634	51	27	91.703407	Holzart
5	1	9	1	12	3	334	634	38	27	96.954895	Sorte
5	1	9	1	12	4	419	634	37	27	90.832489	Giite
5	1	9	1	12	5	507	634	46	27	95.005150	Starke
5	1	9	1	12	6	606	634	111	27	87.984680	Menge/Einheit
5	1	9	1	12	7	767	634	95	27	92.763069	Preis/Einheit
5	1	9	1	12	8	907	639	55	14	90.346504	Gesamt
4	1	9	1	13	0	642	651	305	34	-1	
5	1	9	1	13	1	642	651	41	33	39.025173	[m’/#]
5	1	9	1	13	2	789	651	54	34	70.160324	[E/ME]
5	1	9	1	13	3	923	662	24	19	26.395966	[€]
4	1	9	1	14	0	97	694	868	18	-1	
5	1	9	1	14	1	97	694	55	15	91.776909	T-17/4
5	1	9	1	14	2	249	694	12	15	96.763199	Fi
5	1	9	1	14	3	343	694	20	15	94.167313	BZ
5	1	9	1	14	4	433	694	10	15	93.226974	B
5	1	9	1	14	5	515	694	26	15	85.906204	1b2
5	1	9	1	14	6	641	694	40	18	96.841476	1,196
5	1	9	1	14	7	795	694	42	18	94.975861	18,00
5	1	9	1	14	8	923	694	42	18	95.300743	21,53
4	1	9	1	15	0	249	724	716	18	-1	
5	1	9	1	15	1	249	725	12	15	96.157204	Fi
5	1	9	1	15	2	343	724	20	16	86.002037	BZ
5	1	9	1	15	3	433	724	10	16	93.210701	B
5	1	9	1	15	4	519	724	17	16	95.859848	2a
5	1	9	1	15	5	640	724	41	18	96.597626	8,706
5	1	9	1	15	6	795	724	42	18	96.096367	28,00
5	1	9	1	15	7	913	724	52	18	91.899124	243,77
4	1	9	1	16	0	249	756	716	18	-1	
5	1	9	1	16	1	249	756	12	15	96.689285	Fi
5	1	9	1	16	2	343	756	21	16	96.919533	PZ
5	1	9	1	16	3	433	756	10	15	92.942101	B
5	1	9	1	16	4	519	756	17	16	96.589981	2b
5	1	9	1	16	5	640	756	41	18	96.180374	3,826
5	1	9	1	16	6	795	756	42	18	92.933601	38,00
5	1	9	1	16	7	914	756	51	18	95.483688	145,39
4	1	9	1	17	0	249	787	714	19	-1	
5	1	9	1	17	1	249	788	12	15	96.856361	Fi
5	1	9	1	17	2	343	788	21	15	96.879364	PZ
5	1	9	1	17	3	432	787	11	16	77.460388	c
5	1	9	1	17	4	519	788	17	15	96.250191	3a
5	1	9	1	17	5	640	787	41	19	95.953255	0,303
5	1	9	1	17	6	795	787	42	18	93.228661	38,00
5	1	9	1	17	7	924	787	39	18	95.414436	11,51
4	1	9	1	18	0	249	819	717	18	-1	
5	1	9	1	18	1	249	819	12	15	96.896935	Fi
5	1	9	1	18	2	343	819	21	15	96.854195	PZ
5	1	9	1	18	3	432	819	11	15	76.386765	c
5	1	9	1	18	4	519	819	18	15	93.136780	3b
5	1	9	1	18	5	641	819	41	18	95.590836	0,443
5	1	9	1	18	6	795	819	42	18	94.877190	38,00
5	1	9	1	18	7	924	819	42	17	95.440208	16,83
4	1	9	1	19	0	249	850	717	18	-1	
5	1	9	1	19	1	249	850	12	15	96.723053	Fi
5	1	9	1	19	2	344	850	20	15	96.947792	PZ
5	1	9	1	19	3	433	850	10	15	91.565155	D
5	1	9	1	19	4	515	850	26	15	89.037910	1b2
5	1	9	1	19	5	640	850	42	18	93.949509	0,962
5	1	9	1	19	6	796	850	41	18	96.765396	12,00
5	1	9	1	19	7	924	850	42	17	95.502182	11,54
4	1	9	1	20	0	249	881	716	18	-1	
5	1	9	1	20	1	249	881	12	16	96.626945	Fi
5	1	9	1	20	2	344	881	20	16	93.844055	RZ
5	1	9	1	20	3	433	881	10	16	93.123383	D
5	1	9	1	20	4	519	881	17	16	95.925949	2a
5	1	9	1	20	5	632	881	50	18	95.699478	14,718
5	1	9	1	20	6	796	881	42	18	94.828712	19,60
5	1	9	1	20	7	913	881	52	18	95.999252	288,47
4	1	9	1	21	0	248	912	718	18	-1	
5	1	9	1	21	1	248	913	13	15	95.703331	Ki
5	1	9	1	21	2	344	913	20	15	96.980362	PZ
5	1	9	1	21	3	433	912	10	16	90.147385	D
5	1	9	1	21	4	519	912	18	16	96.776543	2b
5	1	9	1	21	5	641	912	41	18	95.825356	1,434
5	1	9	1	21	6	795	912	43	18	95.102753	26,00
5	1	9	1	21	7	923	912	43	18	96.289848	37,28
4	1	9	1	22	0	248	943	718	19	-1	
5	1	9	1	22	1	248	944	13	15	96.659378	Ki
5	1	9	1	22	2	339	944	29	15	96.356590	LAS
5	1	9	1	22	3	433	944	10	15	90.455353	D
5	1	9	1	22	4	519	944	17	15	90.135345	3a
5	1	9	1	22	5	641	944	41	18	94.026146	0,636
5	1	9	1	22	6	795	943	43	19	94.575165	26,00
5	1	9	1	22	7	924	943	42	18	93.645241	16,54
4	1	9	1	23	0	248	974	718	19	-1	
5	1	9	1	23	1	248	975	13	15	96.074776	Ki
5	1	9	1	23	2	339	975	29	15	96.631538	LAS
5	1	9	1	23	3	433	975	10	15	91.875534	D
5	1	9	1	23	4	520	975	16	15	96.765900	3a
5	1	9	1	23	5	641	974	41	19	96.167030	0,252
5	1	9	1	23	6	796	974	42	18	96.108749	26,00
5	1	9	1	23	7	933	974	33	18	95.725449	6,55
4	1	9	1	24	0	248	1005	718	18	-1	
5	1	9	1	24	1	248	1006	13	15	96.475433	Ki
5	1	9	1	24	2	344	1006	20	15	96.956032	PZ
5	1	9	1	24	3	424	1006	30	15	92.806992	NFK
5	1	9	1	24	4	516	1006	25	15	90.444038	1b2
5	1	9	1	24	5	641	1006	41	17	95.071030	0,113
5	1	9	1	24	6	796	1005	42	18	94.708153	10,00
5	1	9	1	24	7	934	1005	32	18	96.694954	1,13
4	1	9	1	25	0	248	1032	718	30	-1	
5	1	9	1	25	1	248	1037	13	15	96.126785	Ki
5	1	9	1	25	2	344	1037	20	15	96.951805	PZ
5	1	9	1	25	3	424	1037	30	15	92.803825	NFK
5	1	9	1	25	4	520	1037	17	15	95.480209	2a
5	1	9	1	25	5	641	1036	41	18	96.288284	0,312
5	1	9	1	25	6	797	1032	41	30	95.310303	10,00
5	1	9	1	25	7	934	1036	32	18	90.892548	3,12
4	1	9	1	26	0	248	1067	718	18	-1	
5	1	9	1	26	1	248	1068	13	15	94.737907	Ki
5	1	9	1	26	2	344	1067	20	16	45.167622	Pz
5	1	9	1	26	3	424	1067	30	16	92.394608	NFK
5	1	9	1	26	4	520	1067	17	16	96.507004	2b
5	1	9	1	26	5	641	1067	41	18	94.491302	0,238
5	1	9	1	26	6	797	1067	42	18	94.396332	10,00
5	1	9	1	26	7	933	1067	33	17	93.046135	2,38
4	1	9	1	27	0	97	1097	869	18	-1	
5	1	9	1	27	1	97	1098	55	15	89.487045	T-23/4
5	1	9	1	27	2	249	1098	12	15	96.916580	Fi
5	1	9	1	27	3	344	1098	20	15	96.918686	PZ
5	1	9	1	27	4	434	1098	9	15	92.945786	B
5	1	9	1	27	5	517	1098	25	15	87.809334	1b2
5	1	9	1	27	6	642	1098	38	17	96.772583	1,191
5	1	9	1	27	7	798	1097	41	18	96.137520	18,00
5	1	9	1	27	8	924	1097	42	18	95.265770	21,44
4	1	9	1	28	0	249	1127	717	19	-1	
5	1	9	1	28	1	249	1128	12	15	96.785217	Fi
5	1	9	1	28	2	344	1128	21	16	96.775650	PZ
5	1	9	1	28	3	434	1128	9	15	92.984192	B
5	1	9	1	28	4	520	1128	18	15	92.171783	2a
5	1	9	1	28	5	642	1128	41	18	96.332626	8,672
5	1	9	1	28	6	797	1127	42	18	94.699493	28,00
5	1	9	1	28	7	914	1127	52	18	94.746841	242,82
4	1	9	1	29	0	249	1157	717	19	-1	
5	1	9	1	29	1	249	1158	12	15	96.917442	Fi
5	1	9	1	29	2	344	1158	21	16	95.972038	PZ
5	1	9	1	29	3	433	1158	10	15	72.518394	c
5	1	9	1	29	4	520	1158	18	15	96.625175	2b
5	1	9	1	29	5	642	1158	38	18	95.095314	3,811
5	1	9	1	29	6	798	1157	42	18	94.452316	38,00
5	1	9	1	29	7	915	1157	51	17	96.383224	144,82
4	1	9	1	30	0	249	1186	717	19	-1	
5	1	9	1	30	1	249	1188	13	16	96.815453	Fi
5	1	9	1	30	2	345	1188	20	15	96.977478	PZ
5	1	9	1	30	3	433	1188	11	15	77.807167	c
5	1	9	1	30	4	521	1188	17	15	95.668579	3a
5	1	9	1	30	5	642	1187	38	18	96.830681	0,301
5	1	9	1	30	6	798	1187	42	17	95.988556	38,00
5	1	9	1	30	7	925	1186	41	18	95.315552	11,44
4	1	9	1	31	0	249	1216	717	19	-1	
5	1	9	1	31	1	249	1218	13	16	96.701706	Fi
5	1	9	1	31	2	345	1218	20	16	96.993149	PZ
5	1	9	1	31	3	434	1218	10	15	92.077950	D
5	1	9	1	31	4	521	1218	17	15	95.753815	3a
5	1	9	1	31	5	642	1217	41	18	96.700661	0,759
5	1	9	1	31	6	798	1216	42	18	94.747879	26,60
5	1	9	1	31	7	925	1216	41	18	94.639183	20,19
4	1	9	1	32	0	96	1318	685	18	-1	
5	1	9	1	32	1	96	1318	81	18	91.658478	Beispielweg
5	1	9	1	32	2	184	1318	15	14	96.526505	12
5	1	9	1	32	3	408	1318	61	14	93.046967	Testbank
5	1	9	1	32	4	475	1318	9	14	96.998131	A
5	1	9	1	32	5	704	1318	62	14	92.224510	Testbank
5	1	9	1	32	6	772	1318	9	13	93.099586	B
4	1	9	1	33	0	97	1343	846	15	-1	
5	1	9	1	33	1	97	1344	42	14	93.237244	12345
5	1	9	1	33	2	144	1344	81	14	89.982262	Musterstadt
5	1	9	1	33	3	409	1344	34	14	93.123337	IBAN
5	1	9	1	33	4	452	1344	36	14	79.720642	DE00
5	1	9	1	33	5	493	1344	31	14	95.086296	0000
5	1	9	1	33	6	529	1344	30	14	93.538734	0000
5	1	9	1	33	7	565	1344	31	14	95.170135	0000
5	1	9	1	33	8	601	1344	30	14	92.753136	0000
5	1	9	1	33	9	636	1344	15	14	89.196442	00
5	1	9	1	33	10	705	1344	34	13	93.261101	IBAN
5	1	9	1	33	11	745	1343	35	14	87.610001	DEOO
5	1	9	1	33	12	787	1343	27	14	81.316559	1111
5	1	9	1	33	13	822	1343	28	14	86.451370	1111
5	1	9	1	33	14	858	1343	28	14	82.844360	1111
5	1	9	1	33	15	895	1343	28	14	82.844360	1111
5	1	9	1	33	16	931	1343	12	14	83.490959	11
4	1	9	1	34	0	96	1369	746	15	-1	
5	1	9	1	34	1	96	1369	53	15	95.352303	Telefon
5	1	9	1	34	2	156	1369	41	14	95.890182	00000
5	1	9	1	34	3	202	1369	49	14	96.072273	000000
5	1	9	1	34	4	408	1369	24	15	93.202301	BIC
5	1	9	1	34	5	439	1369	110	14	85.155960	MUSTDEOOXXX
5	1	9	1	34	6	705	1369	25	14	92.996773	BIC
5	1	9	1	34	7	735	1369	107	14	89.617058	TESTDEOOXXX
2	1	10	0	0	0	96	1395	154	18	-1	
3	1	10	1	0	0	96	1395	154	18	-1	
4	1	10	1	1	0	96	1395	154	18	-1	
5	1	10	1	1	1	96	1395	154	18	91.585480	test@example.invalid
